id;title;username
-1002587940282;ARBUS REBORN;
-1002608827429;arty private;
-1002877237829;ARTY | POSITIONS (GATE/BINGX/MEXC);
-1002234322902;Asati;asati_shill
-1001507015182;Bezdelnik 369;iambezdelnik
-1002818775612;D Private (CHAT);
-1002503028178;kd не балуется;
-1002875992810;Kodak;
-1002388691250;krajekis сигма impulse;
-1002384548749;Zaichos' thoughts;zaichos11
-1002793915511;Вкусно Вкусно (CHAT);
-1002494456131;Вкусно?Вкусно;
-1002476203358;ворк с графом;graf_crypto
-1002899316247;Грязный щитпост (CHAT);
-1001885989376;Дневник Неудачника;
-1001996167772;МУЛЬТИВАРКА - СЛИВ ПРИВАТОК;
-1002815737276;Свиные Уши;
-1001319261706;Фармер [прихожая];allfarm
-1001755192276;Фармилка [Анонсы и Новости];
-1002801927928;Фьючерсы На Максимум;
-1001719876229;⚠️ Обрати внимание;
-1002161753065;🇰🇷 fKoreanDrops;
-1001740527674;🐳 WhaleSliv;
-1002343442170;💎 Предел Риска | MULT;
-1001838827435;📟 fNEWS Pager;
-1001730462901;🔍 ВЫЖИМКИ;
-1001887861350;🔬 Maloletoff;
-1001968906060;🔬 SlivLab | Выжимки;
-1001649581957;🔬 SlivLab 🧪 Крипто-лаборатория;CryptoInfli
-1002230698012;🔬 Марк Риск | Предел риска;
