type;id;title;username
channel;-1002608827429;arty private;;ЛУДИКИ
channel;-1002818775612;D Private (CHAT);;ЛУДИКИ
channel;-1002503028178;kd не балуется;;ЛУДИКИ
channel;-1002875992810;Kodak;;ЛУДИКИ
channel;-1002388691250;krajekis сигма impulse;;АКТИВНОСТИ +
channel;-1002793915511;Вкусно Вкусно (CHAT);;ЛУДИКИ
channel;-1002494456131;Вкусно?Вкусно;;ЛУДИКИ
channel;-1002815737276;Свиные Уши;;ЛУДИКИ
channel;-1001755192276;Фармилка;;Фармилка
channel;-1002230698012; Марк Риск | Предел риска;;АКТИВНОСТИ +
supergroup;-1002569065648;Asati Gang;;АКТИВНОСТИ +
supergroup;-1002988111419;BLENDER - club.;;Фармилка, АКТИВНОСТИ +, ЛУДИКИ, 
supergroup;-1002735069812;not dying today v2.0;;ЛУДИКИ
supergroup;-1002293389667; 001k;;
supergroup;-1002440340482; 2TOP SQUAD;;АКТИВНОСТИ +
supergroup;-1002076554746; БАЗА АРСЕНА МАРКАРЯНА;;Приватки, АКТИВНОСТИ +
supergroup;-1002433594847; БАЗА ТЕЙТА;;Приватки, АКТИВНОСТИ +
supergroup;-1002338317252; КАЧАЛКА;;Приватки, АКТИВНОСТИ +
supergroup;-1002820338492;🔬 0xCherry 🍒;;АКТИВНОСТИ +
supergroup;-1001903956596; BOOBA;;АКТИВНОСТИ +
supergroup;-1002146374288; Coin Metrika Capital;;АКТИВНОСТИ +
supergroup;-1002258522890; CRYPTON PRIME;;АКТИВНОСТИ +
supergroup;-1002584981333; CRYPTUS UNION;;АКТИВНОСТИ +
supergroup;-1002214824370; FACKBLOCK;;АКТИВНОСТИ +
supergroup;-1002226424681; Pro Mint Club;;АКТИВНОСТИ +
supergroup;-1002252115223; Слезы Сатоши Private;;ЛУДИКИ
